{
  "HTTP Request Add 815" : {
    "transaction" : "HTTP Request Add 815",
    "sampleCount" : 3,
    "errorCount" : 0,
    "errorPct" : 0.0,
    "meanResTime" : 703.0,
    "medianResTime" : 696.0,
    "minResTime" : 693.0,
    "maxResTime" : 720.0,
    "pct1ResTime" : 720.0,
    "pct2ResTime" : 720.0,
    "pct3ResTime" : 720.0,
    "throughput" : 2.8142589118198873,
    "receivedKBytesPerSec" : 1.294449167448405,
    "sentKBytesPerSec" : 0.9454151031894934
  },
  "HTTP  Request auth" : {
    "transaction" : "HTTP  Request auth",
    "sampleCount" : 1,
    "errorCount" : 0,
    "errorPct" : 0.0,
    "meanResTime" : 1441.0,
    "medianResTime" : 1441.0,
    "minResTime" : 1441.0,
    "maxResTime" : 1441.0,
    "pct1ResTime" : 1441.0,
    "pct2ResTime" : 1441.0,
    "pct3ResTime" : 1441.0,
    "throughput" : 0.6939625260235947,
    "receivedKBytesPerSec" : 0.32665032963219987,
    "sentKBytesPerSec" : 0.13350646252602358
  },
  "HTTP Request Add 812" : {
    "transaction" : "HTTP Request Add 812",
    "sampleCount" : 3,
    "errorCount" : 0,
    "errorPct" : 0.0,
    "meanResTime" : 1147.3333333333333,
    "medianResTime" : 1093.0,
    "minResTime" : 1081.0,
    "maxResTime" : 1268.0,
    "pct1ResTime" : 1268.0,
    "pct2ResTime" : 1268.0,
    "pct3ResTime" : 1268.0,
    "throughput" : 2.0408163265306123,
    "receivedKBytesPerSec" : 0.9406887755102041,
    "sentKBytesPerSec" : 0.6875797193877551
  },
  "HTTP Request Add 811" : {
    "transaction" : "HTTP Request Add 811",
    "sampleCount" : 1,
    "errorCount" : 0,
    "errorPct" : 0.0,
    "meanResTime" : 1462.0,
    "medianResTime" : 1462.0,
    "minResTime" : 1462.0,
    "maxResTime" : 1462.0,
    "pct1ResTime" : 1462.0,
    "pct2ResTime" : 1462.0,
    "pct3ResTime" : 1462.0,
    "throughput" : 0.6839945280437756,
    "receivedKBytesPerSec" : 0.3159466911764706,
    "sentKBytesPerSec" : 0.23111533857729138
  },
  "HTTP Request Add 813" : {
    "transaction" : "HTTP Request Add 813",
    "sampleCount" : 2,
    "errorCount" : 0,
    "errorPct" : 0.0,
    "meanResTime" : 908.0,
    "medianResTime" : 908.0,
    "minResTime" : 906.0,
    "maxResTime" : 910.0,
    "pct1ResTime" : 910.0,
    "pct2ResTime" : 910.0,
    "pct3ResTime" : 910.0,
    "throughput" : 1.8281535648994516,
    "receivedKBytesPerSec" : 0.844449840036563,
    "sentKBytesPerSec" : 0.6177159506398537
  },
  "HTTP Request get by id 809" : {
    "transaction" : "HTTP Request get by id 809",
    "sampleCount" : 11,
    "errorCount" : 0,
    "errorPct" : 0.0,
    "meanResTime" : 1004.3636363636364,
    "medianResTime" : 939.0,
    "minResTime" : 653.0,
    "maxResTime" : 1593.0,
    "pct1ResTime" : 1570.6000000000001,
    "pct2ResTime" : 1593.0,
    "pct3ResTime" : 1593.0,
    "throughput" : 4.568106312292359,
    "receivedKBytesPerSec" : 2.105611503322259,
    "sentKBytesPerSec" : 0.5888574543189369
  },
  "HTTP Request get by id 808" : {
    "transaction" : "HTTP Request get by id 808",
    "sampleCount" : 10,
    "errorCount" : 0,
    "errorPct" : 0.0,
    "meanResTime" : 926.0,
    "medianResTime" : 933.0,
    "minResTime" : 640.0,
    "maxResTime" : 1357.0,
    "pct1ResTime" : 1333.6000000000001,
    "pct2ResTime" : 1357.0,
    "pct3ResTime" : 1357.0,
    "throughput" : 4.342162396873643,
    "receivedKBytesPerSec" : 2.001465479808945,
    "sentKBytesPerSec" : 0.5597318714719931
  },
  "HTTP Request get by id 807" : {
    "transaction" : "HTTP Request get by id 807",
    "sampleCount" : 11,
    "errorCount" : 0,
    "errorPct" : 0.0,
    "meanResTime" : 985.6363636363636,
    "medianResTime" : 953.0,
    "minResTime" : 650.0,
    "maxResTime" : 1395.0,
    "pct1ResTime" : 1388.2,
    "pct2ResTime" : 1395.0,
    "pct3ResTime" : 1395.0,
    "throughput" : 4.5738045738045745,
    "receivedKBytesPerSec" : 2.108238045738046,
    "sentKBytesPerSec" : 0.5895919958419958
  },
  "HTTP Request get by id 806" : {
    "transaction" : "HTTP Request get by id 806",
    "sampleCount" : 11,
    "errorCount" : 0,
    "errorPct" : 0.0,
    "meanResTime" : 999.7272727272729,
    "medianResTime" : 913.0,
    "minResTime" : 658.0,
    "maxResTime" : 1566.0,
    "pct1ResTime" : 1553.8,
    "pct2ResTime" : 1566.0,
    "pct3ResTime" : 1566.0,
    "throughput" : 4.617968094038623,
    "receivedKBytesPerSec" : 2.133104402812762,
    "sentKBytesPerSec" : 0.5952849496221663
  },
  "HTTP Request get by id 805" : {
    "transaction" : "HTTP Request get by id 805",
    "sampleCount" : 10,
    "errorCount" : 0,
    "errorPct" : 0.0,
    "meanResTime" : 1043.5999999999997,
    "medianResTime" : 969.0,
    "minResTime" : 679.0,
    "maxResTime" : 1511.0,
    "pct1ResTime" : 1498.0,
    "pct2ResTime" : 1511.0,
    "pct3ResTime" : 1511.0,
    "throughput" : 4.512635379061372,
    "receivedKBytesPerSec" : 2.080042870036101,
    "sentKBytesPerSec" : 0.5817069043321299
  },
  "HTTP Request get by id 804" : {
    "transaction" : "HTTP Request get by id 804",
    "sampleCount" : 9,
    "errorCount" : 0,
    "errorPct" : 0.0,
    "meanResTime" : 1058.6666666666665,
    "medianResTime" : 990.0,
    "minResTime" : 646.0,
    "maxResTime" : 1442.0,
    "pct1ResTime" : 1442.0,
    "pct2ResTime" : 1442.0,
    "pct3ResTime" : 1442.0,
    "throughput" : 3.800675675675676,
    "receivedKBytesPerSec" : 1.7555855415962838,
    "sentKBytesPerSec" : 0.4899308488175676
  },
  "HTTP Request get by id 803" : {
    "transaction" : "HTTP Request get by id 803",
    "sampleCount" : 10,
    "errorCount" : 5,
    "errorPct" : 50.0,
    "meanResTime" : 1013.4,
    "medianResTime" : 979.5,
    "minResTime" : 667.0,
    "maxResTime" : 1395.0,
    "pct1ResTime" : 1394.6,
    "pct2ResTime" : 1395.0,
    "pct3ResTime" : 1395.0,
    "throughput" : 4.177109440267335,
    "receivedKBytesPerSec" : 1.770376461988304,
    "sentKBytesPerSec" : 0.5384555137844611
  },
  "HTTP Request get by id 802" : {
    "transaction" : "HTTP Request get by id 802",
    "sampleCount" : 7,
    "errorCount" : 0,
    "errorPct" : 0.0,
    "meanResTime" : 1023.5714285714286,
    "medianResTime" : 830.0,
    "minResTime" : 677.0,
    "maxResTime" : 1482.0,
    "pct1ResTime" : 1482.0,
    "pct2ResTime" : 1482.0,
    "pct3ResTime" : 1482.0,
    "throughput" : 2.933780385582565,
    "receivedKBytesPerSec" : 1.36088445620285,
    "sentKBytesPerSec" : 0.37818262782900247
  },
  "HTTP Request get by id 801" : {
    "transaction" : "HTTP Request get by id 801",
    "sampleCount" : 10,
    "errorCount" : 0,
    "errorPct" : 0.0,
    "meanResTime" : 984.4000000000002,
    "medianResTime" : 925.5,
    "minResTime" : 642.0,
    "maxResTime" : 1563.0,
    "pct1ResTime" : 1551.2,
    "pct2ResTime" : 1563.0,
    "pct3ResTime" : 1563.0,
    "throughput" : 4.282655246252677,
    "receivedKBytesPerSec" : 1.9698541220556745,
    "sentKBytesPerSec" : 0.5520610278372591
  },
  "HTTP Request get by id 800" : {
    "transaction" : "HTTP Request get by id 800",
    "sampleCount" : 10,
    "errorCount" : 0,
    "errorPct" : 0.0,
    "meanResTime" : 959.8,
    "medianResTime" : 912.0,
    "minResTime" : 651.0,
    "maxResTime" : 1395.0,
    "pct1ResTime" : 1393.5,
    "pct2ResTime" : 1395.0,
    "pct3ResTime" : 1395.0,
    "throughput" : 4.282655246252677,
    "receivedKBytesPerSec" : 1.9824009635974305,
    "sentKBytesPerSec" : 0.5520610278372591
  },
  "HTTP Request get by id 820" : {
    "transaction" : "HTTP Request get by id 820",
    "sampleCount" : 10,
    "errorCount" : 0,
    "errorPct" : 0.0,
    "meanResTime" : 954.7,
    "medianResTime" : 938.0,
    "minResTime" : 668.0,
    "maxResTime" : 1391.0,
    "pct1ResTime" : 1372.5,
    "pct2ResTime" : 1391.0,
    "pct3ResTime" : 1391.0,
    "throughput" : 4.257130693912303,
    "receivedKBytesPerSec" : 1.9705858876117495,
    "sentKBytesPerSec" : 0.5487707535121328
  },
  "HTTP Request Add 810" : {
    "transaction" : "HTTP Request Add 810",
    "sampleCount" : 1,
    "errorCount" : 0,
    "errorPct" : 0.0,
    "meanResTime" : 1567.0,
    "medianResTime" : 1567.0,
    "minResTime" : 1567.0,